wordText,phoneticScript,syllable,weekNumber,dayNumber,partOfSpeech,definition,example1,example2,synonym1,synonym2,synonym3,synonym4,telugu,tamil,hindi,malayalam
adorn,/əˈdɔrn/,uh-dawrn,1,1,VERB,Make more beautiful or attractive.,pictures and prints adorned his walls,,add ornament to,decorate,embellish,,"అలంకరించు,సజ్జీకరించు.",,"सजाना, की शोभा बढ़ाना",
alleged,/əˈledʒd/,uh-lej-id,1,5,ADJECTIVE,"said or thought by some people to be the stated bad or illegal thing, although you have no proof.",It took 15 years for the alleged criminals to prove their innocence.,"The British Museum, too, says it knows nothing about any alleged fakes in its displays.",declared but not proved,claimed,rumoured,supposed,"ఆరోపించిన, ఆరోపిత, చెప్పబడిన.",,"आरोपित कथित ,अफ़वाही","ആരോപിതമായ,     ആരോപിക്കപ്പെട്ട"
appear,əˈpɪər,uh-peer,1,1,VERB,"Come into sight; become visible or noticeable, especially without apparent cause.",He suddenly appeared in the doorway.,,become visible,come into sight,come into view.,,"కనబడు, హాజరగు; స్ఫురించు, ప్రత్యక్షమౌట",,"दिखाई पड़ना, रूप लेना, आकृति करना",
asset,/ˈæs.et/,as-et,1,3,NOUN,"a useful or valuable quality, skill, or person",Knowledge of languages is a real asset in this sort of work.,,benefit,recommendation.,strength,,ఆస్తి; ధనము; ధనసర్వస్వము; ఒక వ్యక్తియొక్కగాని కంపెనీయొక్కగాని ఆస్తి.,,"सम्पत्ति,परिसंपत्ति",
bring,/brɪŋ/,bring,1,1,NOUN,"to cause to come into a particular position, state, or effect",These lamps will bring a good price.,,bring,fetch,take,,"తెచ్చు,పిలిౘుకొని వచ్చు, తీసికొనివచ్చు",,"खींचना,पहुँचाना  ,लगाना",
campaign,kamˈpeɪn,kam-peyn,1,1,NOUN,"a planned group of especially political, business, that are intended to achieve a particular aim.",They're busy campaigning against the building of a new motorway near here.,,"military operation,crusade,   struggle,manoeuvres.",,,,"ప్రచారం,దండయాత్ర, ఉద్యమం",,"मुहीम,अभियान चलाना",
captive,/ˈkæp tɪv/,kap-tiv,1,2,NOUN,A person who has been taken prisoner or an animal that has been confined.,The policeman put a pair of handcuffs on the captive.,The terrorists were holding several diplomats captive.,convict,prisoner,slave,,"బంధిలు, కైదీలు.",,"कैदी , बंदी, दास","കൂട്ടിലടയ്‌ക്കപ്പെട്ട, തടവുകാരന്‍, ജയില്‍പ്പുള്ളി"
coalition,ˌkoʊ əˈlɪʃ ən,koh-uh-lish-uh n,1,3,NOUN,a group of people or organizations working together to achieve something:,A coalition of environmental groups is working on a plan to reduce pollution in the city.,,affiliation,bloc,union,,"మిశ్రమం, సంకీర్ణం; తాత్కాలిక ఒప్పందం/ కూటమి",,"सहमिलन, संयुक्त सरकार, मेल",
come,/kʌm/,kuhm,1,1,VERB,to approach or move toward a particular person or place:,Success comes to those who strive.,,approach,draw near,move closer,,"వచ్చు, చేరు, ఆగు, సంభవించు",,"आना,उगना, पहुंचना",
dawn,/dɔn/,[dawn],1,1,NOUN,The first appearance of light in the sky before sunrise.,We woke at dawn.,,aurora,morning,,,"అరుణోదయకాలము, వేకువ",,,"പ്രാരംഭം, ഉദയം, അരുണോദയം"
debut,ˈdeɪbjuː,"[dey-byoo, di-, dey-byoo, deb-yoo]",1,1,NOUN,to perform or be introduced to the public for the first time.,a debut album.,,"entry, first appearance, introduction, launching, unveiling",,,,"ప్రారంభము, ప్రవేశము; క్రొత్తగా సభలో ప్రసంగింౘుట",,"प्रारंभ,प्रथम प्रदर्शन होना,प्रथम अभिनय.",
denounce,/dɪˈnaʊns/,dih-nouns,1,3,VERB,to criticize something or someone strongly and publicly.,We must denounce injustice and oppression.,,condemn,criticize,discredit,,"నిరసించు, తప్పులెన్ను, నిందించు, దూషించు, విమర్శించు.",,"निंदा करना, धमकाना, आरोप लगाना",
earthling,/ˈɜrθ lɪŋ/,urth-ling,1,2,NOUN,a word used by aliens to refer to an inhabitant of the earth.,How can we know the actual number of earthlings that are sceptics?,,human being,member of the human race,personage,,"భూజంతువు, మర్త్యుఁడు.",,पृथ्वीवासी,
enhance,/ɪnˈhɑːns/,en-hans,1,2,VERB,"To improve the quality, amount, or strength of something.",His refusal does nothing to enhance his reputation.,The presence of this extra quality will enhance your mark.,enrich,improve,raise,,"వృద్ధిచేయు, అధికంచేయు,   మెరుగుపరుచు.",,"बढ़ाना,वृद्धि करना,विस्तार करना",
fantasy,"ˈfæn tə si, -zi","fan-tuh-see, -zee",1,2,NOUN,The faculty or activity of imagining impossible or improbable things.,his researches had moved into the realms of fantasy’.,,creativity,fancy,imagination,,"కల్పనాశక్తి, స్వప్నం, భ్రమ, విపరీత భావన, వాస్తవాతీత గాథ.",,"भ्रम,कल्पना,अनुमान",
gadget,/ˈgædʒ ɪt/,gaj-it,1,3,NOUN,a small device or machine with a particular purpose.,a variety of kitchen gadgets’,,appliance,device,instrument,machine,"యంత్రసాధనం,ఉపాయం, యుక్తి (యంత్రంలో) చిన్న అమరిక/ కీలకం, యంత్రపరికరం.",,"यंत्र, टूम",
heed,/hid/,heed,1,3,VERB,".to pay attention to something, especially advice or a warning.",he should have heeded the warnings,,consider,pay attention to,take into account,,"లక్ష్యపెట్టు, ఆదరంగా విను, మెలఁకువ, జాగ్రత్త.",,"मन लगाना, ध्यान देना",
impact,ˈɪm pækt,im-pakt,1,2,NOUN,The action of one object coming forcibly into contact with another.,The new proposals were intended to soften the impact of the reformed tax system.,,collision,effect,percussion,,"ప్రభావం, సంఘటన, తాకిడి.",,"प्रभाव,गहरा असर डालना,धक्का",
imposing,/ɪmˈpoʊ zɪŋ/,im-poh-zing,1,3,ADJECTIVE,Grand and impressive in appearance.,He was an imposing figure on stage.,,awesome,impressive,stunning,,"గంభీరమైన,ఆశ్చర్యకరమైన, అద్భుతావహమైన",,"प्रभावशाली, प्रभाव डालने वाला.",
jowl,"/dʒaʊl, dʒoʊl/","joul, johl",1,2,NOUN,the loose skin and flesh under the jaw:,she had a large nose and heavy jowls’,,the cheek,the jaw.,,,చెంప దవుడ.,,"कपोल, गाल",
kick-start,/ˈkɪkˌstɑrt/,kik-stahrt,1,2,VERB,"to make something start to happen, happen more quickly, or improve.",Taxes were drastically cut in an attempt to kick-start the economy.,,regenerate,restore,revive,,తొలి అడుగు,,"झटके से बल लगाकर शुरु करना,  तेज़ी लाना",
label,ˈleɪ bəl,ley-buh l,1,3,NOUN,".a word or a phrase that is used to describe the characteristics or qualities of people, activities, or things, often in a way that is unfair.",the alcohol content is clearly stated on the label,,marker,sticker,tag,,"గుర్తు, చీటీ,ముద్ర.",,"लेबुल,सूचक पत्र,नाम-पत्र",
lucrative,ˈlu krə tɪv,loo-kruh-tiv,1,5,ADJECTIVE,Producing a great deal of profit.,The merger proved to be very lucrative for both companies.,,gainful,profitable,remunerative.,,"లాభదాయక, లాభసాటి.",,"लाभदायक, फल देनेवाला,फायदे का",
mandatory,,,1,4,ADJECTIVE,"made necessary, usually by law or by some other rule.",The test includes a mandatory essay question.,,compulsory,obligatory,required,,"ఆదేశక, ప్రవర్తక, విధ్యాత్మక,  ఖచ్చితంగా.",,"अनिवार्य,अनिवार्य,बलपूर्वक",
mishap,/ˈmɪs.hæp/,mis-hap,1,5,NOUN,"bad luck, or an unlucky event or accident.",The parade was very well organized and passed without mishap.,A series of mishaps led to the nuclear power     plant blowing up.,disaster,tragedy,unfortunate.,,"దురదృష్టము, దుర్ఘటన, విపత్తు.",,"दुर्घटना, दुर्भाग्यपूर्ण, आपदा",
out burst,ˈaʊtˌbɜrst,out-burst,1,5,NOUN,a sudden release of strong emotion.,"an angry outburst from the prime minister""",,blow-up,burst,explosion,,"వెల్లడిలో, సంగమం, అభివ్యక్తి, ద్యోతకం, వైభవం గా, వ్యక్తీకరణ, బహిర్గతం",,"आवेग,प्रकोप,विस्फोट",
pétition,pəˈtɪʃ ən,puh-tish-uh n,1,4,NOUN,a formal letter to a court of law asking for a particular decision.,They had filed a petition in federal court on behalf of the detainees.,,appeal,list of protesters,list of signatures.,,"అర్జీ, మనవి, దరఖాస్తు, విజ్ఞాపన.",,"अर्जी,विनती,दरख़ास्त",
reveal,/rɪˈvil/,ri-veel,1,5,VERB,to make known or show something that is surprising or that was previously secret.,He was jailed for revealing secrets to the Russians.,,give the show away,release.,tell,,"వెల్లడిచేయు, బయటపెట్టు, వెలువ రించు.",,"दिखाना, बताना,प्रकट करना",
sanitise,/ˈsæn ɪˌtaɪz/,san-i-tahyz,1,4,VERB,to make something completely clean and free from bacteria.,The majority of public swimming pools are sanitized with chlorine.,,decontaminate,purify,sterilize,,పరిసరాల పరిశుభ్రత.,,अच्छी तरह से सफ़ाई करना,
stir,/stɜr/,stur,1,4,VERB,To move or to cause something to move slightly.,She paused to stir some milk into her coffee.,,disturbance,movement,,,"కదిలించు, కదుపు",,"हलचल , मिलाना,उमड़ना",
suffer,ˈsʌf ər,suhf-er,1,5,VERB,to experience physical or mental pain.,She suffers in the winter when it's cold and her joints get stiff.,,be in pain,distress,hurt,,"సహించు, భరించు, అనుభవించు, కష్టపడు",,"सहन करना,सहना",
take,/teɪk/,teyk,1,4,VERB,to get into one's hold or possession by voluntary action,take a pen and begin to write.,,get hold of,get into one's hands,lay hold of,,"తీసుకొను, పట్టుకొను, తెలుసుకొను.",,"पकड़ना, खा लेना,जान लेना",
unconditional,ˌʌn kənˈdɪʃ ə nl,uhn-kuh n-dish-uh-nl,1,4,ADJECTIVE,complete and not limited in any way.,they have my unconditional support..,,"imited by no condition, absolute,categoric.",,,,"నియమము లేని,నిబంధన లేని,షరతులేని.",,"अनियमित,असम्बन्ध,बेशर्त.",
vibrant,/ˈvaɪ brənt/,vahy-bruh nt,1,4,ADJECTIVE,Full of energy and life.,The hope is that this area will develop into a vibrant commercial centre.,,energetic,sparkling,spirited,,"సచేతన, డోలాయమాన, కంప మాన, ప్రతిస్పందించే.",,"जोशपूर्ण, चमकीले और आकर्षक",
wrecked,/rɛkt/,rekt,1,5,ADJECTIVE,very badly damaged.,Just look at what you've done to my coat - it's wrecked.,,demolish,destroy,smash up,,"ధ్వంసమయిన,శిథిలమైన, పాడైన.",,"ध्वस्त, नष्ट,बरबाद",
abduction,/əbˈdʌkʃn/,ab-duhk-shuh n,2,1,NOUN,The action of forcibly taking someone away against their will.,He was charged with abduction.,There has been a series of abductions of young children from schools in the area.,hostage-taking,kidnap,,,"తీసుకొనిపోవడము, అపహరణ",,"अपहरण , अपावर्तन",പിടിച്ചുകൊണ്ടുപോകല്
accomplish,/əˈkɒmplɪʃ/,uh-kom-plish,2,4,VERB,Achieve or complete successfully.,The students accomplished the task in less than ten minutes.,,achieve,acquire,reach,,"సాధించు, నెరవేర్చు, పూర్తిచేయు.",,,"പരിപൂര്‍ണ്ണമാക്കുക,     നിറവേറ്റുക,     സഫലമാക്കുക"
assume,əˈsum,uh-soom,2,3,VERB,to accept something to be true without question or proof.,We mustn't assume the suspects' guilt.,,accept,shoulder,undertake,,"భావించు, ఊహించు, తలంచు, ఆరోపించుకొను",,"ग्रहण करना,रूप बनाना,समझना",
blissful,/ˈblɪs fəl/,blis-fuh l,2,1,ADJECTIVE,Providing perfect happiness or great joy. Extremely happy; full of joy.,We spent a blissful year together before things started to go wrong.,a blissful couple holding a baby.,cheerful,blessed,joyful,,"ఆనందకరమైన, ఆహ్లాదకరమైన.",,,പരമാനന്ദമായ
capsize,/ˈkæp saɪz/,kap-sahyz,2,1,VERB,be overturned in the water.,A passenger ferry capsized in rough seas Sunday morning.,,turn turtle.,turn upside down,upset,,"బోర్లపడు, బోర్లగిల్లు, బోర్లపడవేయు,తలకిందులగు.",,"उलटना , पलटना , उलट जाना",
cattle,/ˈkæt l/,kat-l,2,1,NOUN,"Large ruminant animals with horns and cloven hoofs, domesticated for meat or milk, or as beasts of burden; cows and oxen.",The main form of agriculture was pastoral with cattle and sheep being grazed on unenclosed lands.’,,bovines,bulls,cows,,"పశుగణం,పశువులు, గొడ్లు.",,"गोधन,पशु, गाय-बैल",
choke,/tʃəʊk/,chohk,2,2,VERB,unable to speak because you are upset.,She tried to say a few words but found herself choked.,,fight for breath,gag,retch,,"నులిమివేయు, విఘాతం కలిగించు; ఉక్కిరిబిక్కిరి చేయు, ఆవేశంవల్ల మాట్లాడ లేకపోవు.",,"दम घुटना, गला दबाना",
claim,/kleɪm/,kleym,2,2,VERB,"To say that something is true or is a fact, although you cannot prove it and other people might not believe it.",An unknown terrorist group has claimed responsibility for this morning's bomb attack..,,allegation,assertion,petition,,"దావా వేయు, హక్కు, అర్హత",,,"അവകാശവാദം പുറപ്പെടുവിക്കുക, അധികാരം"
de-facto,/di ˈfæk toʊ/,dee fak-toh,2,1,ADJECTIVE,Existing or holding a specified position in fact but not necessarily by legal right.,He has made the candidates for city council de facto school committee members.,,actual,effective.,existing,,"యథార్థమైన, నిజమైన.",,"तथ्यत: , वस्तुत ,वास्तविक",
death sentence,/ˈdeθ ˌsen.təns/,,2,3,NOUN,a legal punishment of a crime by death.,"In some countries, drug-smuggling still carries the death sentence.",,death warrant,executions,judicial murder,,మరణ శిక్ష/దండన,,मृत्युदण्ड,
debris,/dəˈbri/,deb-ree,2,5,NOUN,Scattered pieces of rubbish or remains.,Debris from the aircraft was scattered over a large area.,,discarded matter,lumber,spoilage.,,"చెత్త, శిథిలావశేషం, వ్యర్థ పదార్థాలు,",,"अवशेष, कचरा",
eccentricities,/ˌɛk sənˈtrɪs ɪ ti/,ek-suh n-tris-i-tee,2,2,NOUN,The quality of being eccentric.,His eccentricity now extends to never washing or changing his clothes.,,extraordinariness.,strangeness,weirdness,,"వికారమైన గుణం, వింతైన గుణము,తలతిక్క, విపరీత మనస్తత్వం.",,"अनियत , अनोखापन ,  असामान्यता",
effective,/ɪˈfɛk tɪv,ih-fek-tiv,2,5,ADJECTIVE,successful or achieving the results that you want.,It's an extremely effective cure for a headache.,,potent,productive,successful,,"కట్టుదిట్టమైన, కార్యసాధకమైన, ఫలవంతమైన, సార్థక,",,"उपयोगी, प्रभावकारी",
feasible,/ˈfi zə bəl/,fee-zuh-buh l,2,2,NOUN,Possible and practical to do easily or conveniently.,"With the extra resources, the project now seems feasible.",,achievable,sensible,within reason,,"ఆచరణ యోగ్యం, సాధ్యం,ఆచరణ,సంభావ్య.",,"साध्य , सुकर , सुसंगत",
garbage,/ˈɡɑːr.bɪdʒ/,gahr-bij,2,3,NOUN,"waste material, esp. unwanted food, or a container in which waste iskept",She threw the cheese in the garbage.,,discarded matter.,rubbish,waste material,,"చెత్త, వ్యర్థ పదార్థం.",,"कूडा, कूड़ा-कचरा, गंदगी",
hesitate,ˈhɛz ɪˌteɪt,hez-i-teyt,2,3,VERB,Pause in indecision before saying or doing something.,"If you need anything, don’t hesitate to call me.",,delay,doubt,pause,,"సంకోచించు, వెనుకాడు, వెనుదీయు,సందేహింౘు",,"हिचकिचाना, संकोच करना.",
impeach,/ɪmˈpitʃ/,[im-peech],2,1,VERB,Call into question the integrity or validity of,The governor was impeached for wrongful use of state money.,,cast doubt on,challenge,question,,"ఆక్షేపించుట,  కాదనుట,  దోషారోపణముచేయుట,  నేరముమోపుట.",,"आरोप , अभियोग लगाना , दोष लगाना",
implication,/ˌɪm plɪˈkeɪ ʃən/,im-pli-key-shuh n,2,3,NOUN,an occasion when you seem to suggest something without saying it directly:,"She accused the party and, by implication, its leader too.",,hint,indication,suggestion,,"గూఢార్థం, అన్యార్థం, చిక్కు",,"अनुमान ,अर्थ,फंसाव",
lacuna,/ləˈkyu nə/,luh-kyoo-nuh,2,2,NOUN,An unfilled space; a gap.,"There are many lacunae in the existing laws of the land, he said.’",,deficiency,gap,space,,"లుప్తం, రంధ్రం, ఖాళీ, సందు, లోపం, జాగా, అంతరం",,"अंतराल, कमी ,छूट",
manhandle,ˈmænˌhæn dl,man-han-dl,2,4,VERB,"to touch or hold someone roughly and with force, often when taking them somewhere.",There were complaints that the police had manhandled some of the demonstrators.,,haul,heave,shove.,,"చెయ్యి చేసుకొను, దౌర్జ న్యంగా కొట్టు.",,"उठा कर ले जाना,हाथों से चलाना,मारना",
molest,/məˈlest/,muh-lest,2,4,VERB,To touch or attack someone in a sexual way against their wishes.,He was convicted of molesting his girlfriend.,,harass,harm,hurt,,"వేధించుట,హింసపెట్టుట, బాధించు.",,,
pioneer,ˌpaɪ əˈnɪər,pahy-uh-neer,2,5,NOUN,"to be the first person or organization to start work in a new area,introduce a new idea, etc.","They are like pioneers settling down to build a village,’ Kolter says.’",,colonist,discoverer.,settler,,"వైతాళికుడు, అగ్రగామి, మార్గదర్శ కుడు, పథ నిర్దేశకుడు.",,"खोज करनेवाला,अग्र-दूत, मार्ग-निर्माता",
popularise,ˈpɒp yə ləˌraɪz,pop-yuh-luh-rahyz,2,4,VERB,"to cause something to become known, admired, or used by many people.",his books have done much to popularize the sport’,,create a fashion for.,make fashionable,make popular,,"వ్యాప్తి చేయు,వివరింపు జేయు.",,"प्रचलित करना, लोकप्रिय बनाना, आसान बनाना",
prohibit,/proʊˈhɪb ɪt/,proh-hib-it,2,5,VERB,to officially refuse to allow something.,Motor vehicles are prohibited from driving in the town centre.,,ban,disallow,forbid,,"నిషేధించు, ఆపు, కాదను, ఆటంకపఱౘు.",,"रोकना , निषेध करना",
protest,/ˈprəʊtɛst/,[proh-test],2,1,NOUN,A statement or action expressing disapproval of or objection to something.,The British team lodged an official protest.,All groups have united in protest against the planned new road.,disagreement.,disapproval,objection,,"ప్రతిఘటన, అభ్యంతరం, దృఢముగా చెప్పడము.",,"प्रतिवाद, विरोध",
rain,reɪn,reyn,2,5,NOUN,drops of water from clouds.,the rain had not stopped for days,,wet weather,precipitation,rainfall,,"వాన, వర్షము,వానకురియు",,"वर्षा ,बारिश होना,बरसात",
rampage,ræmˈpeɪdʒ,ram-peyj,2,4,VERB,to go through an area making a lot of noise and causing damage.,several thousand demonstrators rampaged through the city,,"rush wildly,",riot,"rush madly,",,"తీవ్రంగా ప్రవర్తించు, ఆవేశ పడు, ఉద్రేకపడు",,"क्रोध,गरजना.",
spawn,/spɔn/,spawn,2,4,VERB,"to cause something new, or many new things, to grow or start suddenly.",the fish spawn among fine-leaved plants,,bring about,generate,originate,,గుడ్లుపెట్టుట.,,"कुलबुलाना  ,बोयाना  ,जन्म देना",
spicy,/ˈspʌɪsi/,spahy-see,2,5,ADJECTIVE,containing strong flavours from spices.,pasta in a spicy tomato sauce.,,"tangy, peppery, hot, picante.",,,,"రుచిగల,వాసనగల, కారమైన,  మసాలా వాసన.",,"मसालेदार,रोचक.",
strewn,stru,stroo,2,4,VERB,Scatter or spread (things) untidily over a surface or area.,Wine bottles and dirty dishes were strewn across the lawn.,,broadcast,distribute,sprinkle,,"ౘల్లు, పఱౘు.",,बिखरा हुआ,
tamper,ˈtæm pər,tam-per,2,3,VERB,to touch or change something without permission or without enough knowledge of how it works.,someone tampered with the brakes of my car,,fiddle about,interfere,monkey around,,"క్రమంగా సవరించు, కలుగచేసుకొను, సాక్ష్యంమార్చు,చెడగొట్టు,",,"हस्तक्षेप करना,छेड़खानी करना",
ubiquitous,/yuˈbɪk wɪ təs/,yoo-bik-wi-tuh s,2,3,ADJECTIVE,"Present, appearing, or found everywhere.",The eelgrass limpet used to be ubiquitous on the New England coast.,,all-over,global.,omnipresent,universal,"సర్వవ్యాపియైన, అంతట నున్న,సర్వాంతర్యామి.",,"हर एक जगह का,  सब जगह का  ,हर जगह का  ,सर्वत्र का",
undeniable,ˌʌn dɪˈnaɪ ə bəl,uhn-di-nahy-uh-buh l,2,5,ADJECTIVE,Unable to be denied or disputed.,it is an undeniable fact that some dogs are easier to train than others,,evident,indubitable,unquestionable,,"స్పష్టముగా, ప్రత్యక్షముగా, సాక్షాత్తుగా, నిశ్చయముగా.",,"अखंडनीय,निर्विवाद",
versed,vɜrst,vurst,2,2,ADJECTIVE,to know a lot about a particular subject or be experienced in a particular skill.,I'm not sufficiently versed in XML to understand what you're saying.,,acquainted,familiar.,practised,skilled,"నిపుణతగల, సమర్థతగల",,"अनुभवी , निपुण,प्रवीण.",
victim,/ˈvɪktɪm/,vik-tim,2,2,NOUN,"A person harmed, injured, or killed as a result of a crime, accident, or other event or action.",The new drug might help save the lives of cancer victims.,victims of domestic violence.,,,,,"భాధితుడు,  భాధితురాలు,  దేనివలనఁగాని హతుఁడైనవాఁడు",,"पीडित व्यक्ति, दोषित,घायल",
abundant,/əˈbʌn dənt/,uh-buhn-duh nt,3,1,ADJECTIVE,more than enough.,an abundant supply of food,,overflowing,plentiful,teeming.,,"అమితమైన, ధారాళంగా, అధికమైన, సంపూర్ణమైన, పుష్టియైన, సమృద్ధ.",,"अतिशय , अधिक , घनेरा , ज़्यादा",
amply,/ˈæm pli/,am-plee,3,4,ADVERB,Enough or more than enough; plentifully.,the persistent reader is amply rewarded’,,lavishly,liberally,munificently,,"విస్తారముగా, యథేష్టముగా, చాలా.",,"बहुतायात से, पर्याप्त रूप से",
ancient,ˈeɪn ʃənt,eyn-shuh nt,3,2,ADJECTIVE,Belonging to the very distant past and no longer in existence.,People have lived in this valley since ancient times.,,earliest,past.,very old,,"పురాతనమైన, ప్రాచీనమైన, ముసిలి.",,"बहुत पुराना,प्राचीन समय का,पुरातन.",
apathy,/ˈæp ə θi/,ap-uh-thee,3,5,NOUN,"Lack of interest, enthusiasm, or concern.",The issue of student apathy has been tossed around a lot this past couple weeks.’,,lack of interest,passiveness,uninterestedness,,"ఉదాసీనత, నిర్లక్ష్యం, అలసత్వం, శ్రద్ధలేని, అనాసక్తి.",,"अनुरागहीनता, उदासीनता",
assurance,"əˈʃʊər əns, -ˈʃɜr-",uh-shoo r-uh ns,3,3,NOUN,A positive declaration intended to give confidence; a promise.,he gave an assurance that work would begin on Monday.,,affirmation,oath,vow,,,,"आश्वासन , बीमा .",
bag,/bæg/,bag,3,1,NOUN,"A flexible container with an opening at the top, used for carrying things.",a grocery/shopping bag,,container.,receptacle,,,"బ్యాగ్‌, సంచి, మూట.",,"थैला, बटुआ,बैग",
boom,/buːm/,boom,3,2,NOUN,"a period of sudden economic growth. (or) a deep, loud sound.",This year has seen a boom in book sales.,What you heard was the boom of a rocket.,prosper,resound,,,"అనూహ్యమైన పెరుగుదల, గర్జన, ఉరమటం.",,"तेजी से बढना, धूम मचाना","പെട്ടെന്നുളള വളര്‍ച്ച,  മുഴക്കമുളള ശബ്ദം"
comical,ˈkɒm ɪ kəl,kom-i-kuh l,3,5,ADJECTIVE,"Amusing, especially in a ludicrous or absurd way.",He looked so comical in that hat.,,comic,funny,hilarious,jocular,"హాస్యకరమైన, వికారమైన, నవ్వును పుట్టించెడు.",,"हास्यकर,कौतुकी,अनोखा",
commence,kəˈmɛns,kuh-mens,3,3,VERB,to begin something.,his design team commenced work.,,begin,start,start off.,,"మొదలుపెట్టు, ప్రారంభించు",,"आरंभ होना,शुरू करना,प्रारंभ होना",
commercial,/kəˈmɜr ʃəl/,kuh-mur-shuh l,3,4,ADJECTIVE,Concerned with or engaged in commerce.,The commercial future of the company looks very promising.,,business,sales.,trading,,"వాణిజ్య, వాణిజ్య సంబంధ మైన; లాభాపేక్షతో కూడిన.",,"वाणिज्यिक, व्यापारिक",
copious,/ˈkoʊ pi əs/,koh-pee-uh s,3,2,ADJECTIVE,Abundant in supply or quantity.,They drank copious amounts of wine.,,abundant,bountiful,overflowing,,"విస్తృత, విశాల, తగినంత.",,"अधिक , प्रचुर , बहुत",
deck,dɛk,dek,3,1,VERB,Decorate or adorn brightly or festively.,The room was decked with flowers.,,adorn,decorate,garland,,అలంకరించబడిన,,"संवारना, सजाना, ढकना",
decline,dɪˈklaɪn,dih-klahyn,3,2,VERB,"when something becomes less in amount, importance, quality, or strength",the birth rate continued to decline.,,decrease,get smaller,reduce,,"నిరాకరించడం, తిరస్కరించడం; తగ్గిపోవడం.",,"कम होना,क्षीण होना, मानना",
deteriorate,/dɪˈtɪər i əˌreɪt/,dih-teer-ee-uh-reyt,3,1,VERB,Become progressively worse.,She went into the hospital when her condition began to deteriorate.,,decay,decompose,spoil,,"తగ్గు, క్షీణించు, క్షీణింపచేయు, చెడగొట్టు, హీనస్థితి నొందు, గుణం చెడు, విలువతగ్గు.",,"बिगाड़ना, क्षय होना , भ्रष्ट करना",
eloquent,/ˈɛl ə kwənt/,el-uh-kwuh nt,3,1,ADJECTIVE,"giving a clear, strong message.",The pictures were an eloquent reminder of the power of the volcano.,,expressive,fluent,persuasive,,"అనర్గళంగా,1. వాగ్ధాటిగల, శబ్దచాతుర్యముగల, వక్తయైన,పటుత్వముతోను చెప్పఁబడిన.",,"वाक्पटु , वाग्मी , शब्दचतुर",
emanate,/ˈɛm əˌneɪt/,em-uh-neyt,3,3,VERB,To express a quality or feeling through the way that you look and behave.,Her face emanated sadness.,He emanates power and confidence.,produce,show sth,,,"బయటపడు, నిర్గమించు",,,
feign,/feɪn/,feyn,3,2,VERB,"to pretend to have a particular feeling, problem",She responded to his remarks with feigned amusement.,,make a show of,play at,simulate,,"నటించు, కల్పించు, సృష్టించు, నేరంమోపు, కుంటిసాకు చెప్పు.",,"बहाना करना,झूठा करना,छल करना",
garner,/ˈgɑr nər/,gahr-ner,3,3,VERB,"to collect something, usually after much work or with difficulty.",the police struggled to garner sufficient evidence’,,assemble,collect,gather,,"సంపాదించు, పొందు,",,"इकट्ठा करना,एकत्र करना, संग्रह करना",
hesitation,/hɛzɪˈteɪʃn/,hez-i-tey-shuh n,3,3,NOUN,"the act of pausing before doing something, especially because you are nervous or not certain.",she answered without hesitation.,"After a slight hesitation, she began to speak.",doubt,reluctance,uncertainty,,"అనుమానము, సందేహము",,,
inaugurate,"ɪnˈɔ gyəˌreɪt, -gə-",in-aw-gyuh-reyt,3,1,VERB,"Begin or introduce (a system, policy, or period).",He wants to inaugurate his museum with elaborate opening ceremonies.,,establish,initiate,launch,,"పట్టముగట్టబడ్డ,పట్టాభిషిక్తుడైన.",,"अभिषेक करना, प्रथम परिचय करवाना",
inception,ɪnˈsɛp ʃən,in-sep-shuh n,3,3,NOUN,The establishment or starting point of an    institution or activity.,she has been on the board since its inception two years ago,,establishment,formation,founding,,"ప్రారంభం,మొదలు, ఉపక్రమణ,తొలిదశ",,आरम्भ.,
lambaste,læmˈbeɪst,lam-beyst,3,4,VERB,to criticize someone or something severely,His first novel was lambasted by the critics.,,attack,condemn,take to task,,ఖండిస్తూ.,,"चाबुक से मारना,बुरी तरह से फटकारना",
maritime,ˈmær ɪˌtaɪm,mar-i-tahym,3,4,ADJECTIVE,"Connected with the sea, especially in relation to seaborne trade or naval matters.",Amalfi and Venice were important maritime powers.,,marine,naval,ocean-going,,"సముద్రసంబంధమైన, సముద్రపు,నౌకా సంబంధి, నావిక.",,"समुद्रीय,समुद्र के निकट स्थित, समुंदर का",
monstrous,/ˈmɒn strəs/,mon-struh s,3,5,ADJECTIVE,very cruel.,a monstrous crime,,disgusting,dread,repellent,,"విపరీతం, భయానక, రాక్షస, అసహజ.",,"करालरूप, भयानक, राक्षसी",
owe,/oʊ/,oh,3,4,VERB,.to have the responsibility to pay or give back something you have received from someone:,you owe me ten dollars,,be in arrears,be indebted,be under an obligation to.,,"బాకీపడు, రుణపడి ఉండు; బాధ్యత కలిగి ఉండు.",,"ऋणी होना, चाहना",
pity,ˈpɪt i,pit-ee,3,5,NOUN,The feeling of sorrow and compassion caused by the sufferings and misfortunes of others.,her voice was full of pity’,,emotion.,sorrow,sympathy,,"జాలి,దయ; జాలిపడు, దయచూపు,కనికరం.",,"करुणा , दया ,तरस",
raid,reɪd,reyd,3,4,NOUN,"a short sudden attack, usually by a small group of people",The drugs were found during a police raid on the house.,,hit-and-run raid,assault,surprise attack,,"ఆక్రమించు, ముట్టడించు, సోదా చేయు",,"हमला,आक्रमण,चढाई करना.",
refugee,/ˌrɛf yʊˈdʒi/,ref-yoo-jee,3,1,NOUN,"A person who has been forced to leave their country in order to escape war, persecution, or natural disaster.",Thousands of refugees fled across the border.,,displaced person,escapee,returnee,,"శరణార్థి, శరణాగతుడు, కాందిశీకుడు.",,"आश्रित , पनाहगीर , शरणागत",
sovereignty,/ˈsɒv rɪn ti/,sov-rin-tee,3,5,NOUN,Supreme power or authority.,Talks are being held about who should have sovereignty over the island.,,authority,influence,jurisdiction,,"ప్రభుత్వము, ఏలుబడి, రాజ్యము, అధికారము,",,"प्रभुता , प्रभुत्व ,  प्रभुसत्ता",
span,/spæn/,span,3,4,NOUN,the period of time that sometimes exists or happens.,an average life span of 70 years,,distance,extent,range,,"జంట,జేన  ప్రాదేశము,స్వల్పకాలము",,"अवधि ,  पाट ,  फैलाव",
stuffing,ˈstʌfɪŋ,stuhf-ing,3,5,NOUN,material that is pushed inside something to make it firm.,sage and onion stuffing.,,"filling, forcemeat, farce, salpicon.",,,,"కూరేటిది, నించబడేటిది",,"भराई,भरी जाने वाली सामग्री.",
tenure,/ˈtɛn yər/,ten-yer,3,3,NOUN,The conditions under which land or buildings are held or occupied.,"During his tenure as dean, he had a real influence on the students.",,holding,occupancy,residence,,"అవధి, పరిమితి, గడువు,అవధి, పరిమితి, గడువు.",,"अधिकार, पदावधि,कार्यकाल",
unbridle,/ʌnˈbraɪd l/,uhn-brahyd-l,3,5,VERB,Free (someone or something) from control or restraint.,he unbridled his mare and let her roam’,,discharge,release,set free,,కళ్లెము తీసివేయు.,,"बेलगाम होना, स्वच्छंद होना",
verdict,ˈvɜr dɪkt,vur-dikt,3,1,NOUN,A decision on an issue of fact in a civil or criminal case or an inquest.,the jury returned a verdict of not guilty.,,"udgement, adjudication, adjudgement, decision, finding, ruling.",,,,"తీర్పు, నిర్ణయం,ఉత్తరువు,ఇచ్చిన అభిప్రాయము.",,"जूरी का निर्णय,पंचायत का विचार.",
victory,,,3,2,NOUN,"An act of defeating an enemy or opponent in a battle, game, or other competition.",A goal in the last half minute assured victory and the World Cup for the Mexicans.,,achievement,favourable result,successful,,"విజయం, గెలుపు, సఫలత.",,"अभिभावकता, जीत, विजय",
abuses,əˈbjuːz,uh-byooz,4,1,VERB,Use (something) to bad effect or for a bad purpose; misuse.,I never expected that he would abuse the trust I placed in him.,,misapply,mishandle.,misuse,,"తిట్టు, దూషించు, నిందించు, దుర్వినియోగం చేయు.",,"गाली ,अपशब्द,दुर्व्यवहार",
analyse,ˈæn lˌaɪz,an-l-ahyz,4,4,VERB,"to study or examine something in detail, in order to discover more about it:",we need to analyse our results more clearly,,examine,inspect,survey,,"విశ్లేషించు, వివరించు.",,"विश्लेशण करना,छान-बीन करना",
appellant,əˈpɛl ənt,uh-pel-uh nt,4,5,NOUN,A person who applies to a higher court for a reversal of the decision of a lower court.,The jury acquitted the appellants on the conspiracy as it was originally charged.,,petitioner,prayerful,,,"దరఖాస్తుదారు, ఫిర్యాదుదారు,అప్పీలుదారు.",,"अपील करने वाला,पुनर्विचार का प्रार्थी",
assault,əˈsɔlt,uh-sawlt,4,1,VERB,Make a physical attack on.,he pleaded guilty to assaulting a police officer.,,hit,physically attack,strike,,"దాడిచేయు, కొట్టు, దౌర్జన్యం చేయు.",,"हमला,धावा,प्रयास",
blame,bleɪm,bleym,4,5,VERB,Feel or declare that (someone or something) is responsible for a fault or wrong.,the inquiry blamed the train driver for the accident.,,place the blame on,hold liable,hold responsible,,"తప్పుమోపుట   నిందమోపుట.ఈసడించు, దూషించు",,"निंदा करना,दोष लगाना,कलंक.",
boozer,buz,booz,4,1,NOUN,A person who drinks large quantities of alcohol.,Street boozers on a Swindon estate could soon have their drink taken off them by police,,,,,,,,"मद्यप,पियक्कड़,शराबखोर",
butcher,ˈbʊtʃ ər,boo ch-er,4,1,NOUN,A person who kills people indiscriminately or brutally.,"He is a butcher, he tortures people, kills them personally, Mr Rumsfeld said in Atlanta.",,"meat market person,boner,slaughter,. skinner.",,,,"కటికవాఁడు, కసాయివాఁడు,నిర్దయగా చంపు/నరుకు.",,"कसाई,हत्यारा,बूचड़",
charged,tʃɑːdʒd,chahrjd,4,3,ADJECTIVE,"Filled with excitement, tension, or emotion.",the highly charged atmosphere created by the boycott,,"tense, electrifying,overflowing with.",,,,"ఆవేశపూరితమైన,విద్యుదావిష్ట",,"आवेशित, प्रभारित",
compensation,ˌkɒm pənˈseɪ ʃən,kom-puh n-sey-shuh n,4,3,NOUN,"Something, typically money, awarded to someone in recognition of loss, suffering, or injury.",he is seeking compensation for injuries suffered at work’,,payment,recompense,remuneration.,,"పరిహారం, నష్టపరిహారం, ప్రతికరణం.",,"प्रतिफल,बदला",
conservative,kənˈsɜr və tɪv,kuh n-sur-vuh-tiv,4,4,ADJECTIVE,Averse to change or innovation and holding traditional values.,Older people tend to be more conservative and a bit suspicious of anything new.,,conventional,orthodox,stable,,"సంరక్షించే,సంప్రదాయవాది, యథాతథవాది.",,"अनुदार, रूढ़िवादी, सतर्क",
conviction,kənˈvɪk ʃən,kuh n-vik-shuh n,4,3,NOUN,A formal declaration by the verdict of a jury or the decision of a judge in a court of law that someone is guilty of a criminal offence.,she had a previous conviction for a similar offence.,,"declaration of guilt,pronouncement of guilt, sentence, judgement.",,,,"దోష నిర్ధారణ, దృఢ విశ్వాసం, శిక్ష, నమ్మకం.",,"अपराध स्थापन,दृढ विश्वास,अपराधी ठहराना.",
defend,/dɪˈfɛnd/,dih-fend,4,1,VERB,to protect someone or something against attack or criticism; to speak in favour of someone or something.,How can we defend our homeland if we don't have an army?,,protect,safeguard,secure,,"ప్రతివాదంచేయు; కాచు, కాపాడు, రక్షించు.",,"बचाना, समर्थन करना, रक्षा करना",
deficit,ˈdɛf ə sɪt,def-uh-sit,4,2,NOUN,"The amount by which something, especially a sum of money, is too small.",The value for the General Fund deficit is based on deficits equal to 5% of GDP.’,,shortage,shortfall,slippage.,,"లోటు, ఆదాయాన్ని మించిన వ్యయం,తక్కువ, లోపము, వెలితి.",,"अभाव, घाटा, कमी",
delve,dɛlv,delv,4,3,VERB,Reach inside a receptacle and search for something.,The movie delves on justice for women.,,"dig, search through, scrabble about in.",,,,"బాగా పరిశ్రమించు, త్రవ్వు, గుంటచేయు.",,"खोजना,खूब छानबीन करना,फावडे से खोदना.",
embitter,,,4,2,VERB,Make (someone) feel bitter or resentful.,"The strike costs GM $2 billion, embitters workers, and ripples across the U.S. economy.",,make rancorous,make bitter,poison,,"కష్టం కలిగించు,చేదుపరచు",,"बिगाड़ना,कटु बनाना",
embolden,/ɛmˈbəʊld(ə)n/,em-bohl-duh n,4,5,VERB,to make someone brave.,"Emboldened by drink, he walked over to speak to her.",,encourage,give courage,strengthen,,"ధైర్యం ఇచ్చు, నమ్మకం కలిగించు.",,"ढाढ़स देना , साहस देना  ,प्रोत्साहित करना",
felicitated,/fɪˈlɪs ɪˌteɪt/,fi-lis-i-teyt,4,2,VERB,to praise someone and say that you approve of or are pleased about aspecial or unusual achievement.,The entire organization should be felicitated.,,compliment,pay tribute to,praise,,"సన్మానించు, సత్కరించు, అభినందించు.",,"अति प्रसन्न करना, अभिनंदन करना.",
gathered,,,4,1,VERB,"to collect several things, often from different places or people.",We gathered blueberries from the bushes,,assemble,collect,get together,,"పోగుచేయు, జమచేయు, సేకరించు, ఏకత్రపరచు.",,"इकट्ठा, मिलना, बटोरना",
hijack,ˈhʌɪdʒak,hahy-jak,4,3,VERB,"to take control of an aircraft or other vehicle during a journey,especially using violence.","Two men hijacked a jet travelling to Paris and demanded $125,000.",,commandeer,seize,take over,,దారిమళ్ళింపు,,"डाका डालना, लूटना",
inconsolable,/ˌɪn kənˈsoʊ lə bəl/,in-kuh n-soh-luh-buh l,4,2,ADJECTIVE,(of a person or their grief) not able to be comforted or alleviated.,They were inconsolable after the death of their young son.,,devastated,heartbroken,unable to be comforted,,"ఊరడించగూడని, ఓదార్చగూడని, ఆరని, తీరని,ఐకమత్యములేమి, అకటావికటము.",,"गमगीन,शोकाकुल.",
incorporate,/verb ɪnˈkɔr pəˌreɪt/,in-kawr-puh-reyt,4,2,VERB,to include something as part of something larger:,This aircraft incorporates several new safety features.,,consolidate.,include,integrate,,"చేర్చు, అంతర్భూతం చేయు, కలుపు.",,"सम्मिलित करना, इकट्ठा करना",
landscape,/ˈlændˌskeɪp/,land-skeyp,4,2,NOUN,"a large area of countryside, especially in relation to its appearance.",The cathedral dominates the landscape for miles around.,,environment.,scenery,topography,,"ప్రకృతి దృశ్యం/చిత్రం, ఏకస్థల చిత్రపటం,ప్రదేశమును కనుపఱౘు, పటము.",,"परिदृश्य , भूदृश्य",
marvellous,/ˈmɑr və ləs/,mahr-vuh-luh s,4,4,ADJECTIVE,extremely good.,He's done a marvellous job of the decorating.,,amazing,awesome,staggering,,"విస్మయకర, అద్భుత.",,"अद्भुत,आश्चर्यजनक, चमत्कारी",
mortgage,/ˈmɔr gɪdʒ/,mawr-gij,4,4,VERB,Convey (a property) to a creditor as security on a loan.,‘a heavily mortgaged farm’,,guarantee,pawn,put up as collateral,,"తాకట్టు, తనఖా, కుదువ, ఆడు మానం.",,"धरना, गहन रखना, बंधक रखना",
paradise,/ˈpær əˌdaɪs/,par-uh-dahys,4,5,NOUN,a place or condition of great happiness where everything is exactly as you would like it to be.,His idea of paradise is to spend the day lying on the beach.,,heaven,the heavenly kingdom,the promised land,,"స్వర్గము,దివ్యోద్యానము",,"परलोक, सुखभवन",
prophecy,/ˈprɒf ə si/,prof-uh-see,4,4,NOUN,"something that is declared by a prophet, especially a divinely inspired prediction, instruction, or exhortation.",He could make prophecies and they would always come true.’,"This was predicted in many prophecies, old and recent, throughout the world.",forecast,prediction,,,"భవిష్యత్తును చెప్పుట, భవిష్యవాణి",,,
rampant,/ˈræm pənt/,ram-puh nt,4,5,ADJECTIVE,"happening a lot or becoming worse, usually in a way that is out of control.",political violence was rampant,,pervasive.,uncontrolled,widespread,,"ప్రబలిన, హద్దుమీరిన, అదు పులో లేని, వృద్ధిచెందిన, కట్టడిలేని.",,"आक्रामक, व्याप्त",
ravage,ˈræv ɪdʒ,rav-ij,4,5,VERB,Cause severe and extensive damage to.,The area has been ravaged by drought/floods/war.,,demolish,destroy,wipe out,,"దోపిడీ, ధ్వంసం, సర్వనాశనం, నష్టం; ధ్వంసంచేయు, కొల్లగొట్టు, వ్యర్థం చేయు.",,"नाश, विध्वंस, विनाश",
reckon,/ˈrɛk ən/,rek-uh n,4,1,VERB,.Establish by calculation.,The authors reckon that public sector debt is over 65% of GDP.,,compute,put a figure on,quantify.,,"ఎంచు, పరిగణించు, లెక్కించు, గణించు.",,"संख्या करना, गिनना",
summon,,,4,5,VERB,Order (someone) to be present.,We were summoned to the headmaster's office,,ask for,call for,demand the presence of.,,"పిలుచు, పిలిపించు, ఆజ్ఞాపించు, సమావేశపరచు,ఫర్మానా, ఆజ్ఞాపత్రిక.",,"पुकारना, बुलवाना",
supposed,/səˈpoʊzd/,suh-pohzd,4,4,ADJECTIVE,"Generally assumed or believed to be the case, but not necessarily so.",The cost of the plan far outweighs its supposed benefits.,,apparent,rumoured,specious,,"కల్పిత, భావిత, ఆరోపిత, ఊహించిన,ఎంచిన, అనుకొన్న, ఊహించబడ్డ.",,"अपेक्षित, काल्पनिक, कल्पित",
surcharge,ˈsəːtʃɑːdʒ,sur-chahrj,4,4,NOUN,"a charge in addition to the usual amount paid for something, or the amount already paid.",we guarantee that no surcharges will be added to the cost of your holiday,,addition,increase,overcharge,,"అదనపు/అధిక పన్ను, అతిభారం.",,"अधिभार,अधिशुल्क लेना ,अतिवेशित करना .",
terrains,,,4,3,NOUN,"an area of land, when considering its natural features.",The car handles particularly well on rough terrain.,,ground,land,territory,,"భూమి, మైదానం.",,"प्रदेश, भूभाग ,मैदान",
vendor,ˈvɛndə,ven-der,4,3,NOUN,someone who is selling something.,an Italian ice-cream vendor.,,salesman.,salesperson,seller,,విక్రేతలు,,"व्यापारिक मशीन,बेचनेवाला,विक्रयी",
violation,/ˌvaɪ əˈleɪ ʃən/,vahy-uh-ley-shuh n,4,2,NOUN,"an action that breaks or acts against something, especially a law,agreement, principle, or something that should be treated withrespect:",the aircraft were in violation of UN resolutions’,,breaking,contravention,infraction,,ఉల్లంఘనము; అతిక్రమణము; భంగము; ధిక్కారము.,,"अतिक्रमण, उल्लंघन , बिगाड़ना",
accessibility,əksɛsɪˈbɪlɪti,ak-ses-uh-buh l ty,5,1,NOUN,The quality of being able to be reached or entered.,Accessibility is one of the most important aspects of textual analysis.,,approachability,ease of access,obtainability,,"సుగమమైన, సులభమైన, ప్రవేశయోగ్యమైన, ప్రవేశ/ దర్శన సౌలభ్యం",,"उपलब्धता,सुलभता,प्रवेर्शयोग्यता",
amass,,,5,1,VERB,Gather together or accumulate (a large amount or number of material or things) over a period of time.,he amassed a fortune estimated at close to a million pounds’,,assemble.,collect,gather,,"సంపాదించు, పొందు, సమాచారం పొందు,పోగుచేయు, చేర్చు",,"एकत्र करना, संग्रह करना, समेटना",
applause,/əˈplɔːz/,uh-plawz,5,5,NOUN,"The action or sound made by a number of people clapping their hands repeatedly to show their enjoyment or approval, esp. of a performance or speech.",His speech met with loud applause.,There is one character in the film who gets applause at the end for his performance.,cheering,clapping,,,"హర్షధ్వానం,శ్లాఘన, మెప్పు.",,"तारीफ करना,वाहवाही करना","അഭിനന്ദനം, അനുമോദനം"
attempt,əˈtɛmpt,uh-tempt,5,4,VERB,"to try to do something, especially something difficult.","He attempted a joke, but no one laughed.",,"endeavour,",make every effort.,set out,,యత్నము; ప్రయత్నము.,,,
bribe,/braɪb/,brahyb,5,1,NOUN,"money or a present that you give to someone so that they will do something for you, usually something dishonest:",He was accused of accepting/taking bribes from wealthy businessmen.,,incentive,inducement,,,"పరిదానము,లంచము.,",,"उत्कोच, प्रलोभन , घूस",
buzz,bʌz/,buhz,5,1,VERB,"a continuous, low sound.",Something was buzzing around me as I tried to sleep,,"humming noise, whisper, rumour, report,hum, seethe.",,,,"విసిగించు; (వదంతులు) పుట్టించు, గోల పెట్టు,గుసగుస.",,"गुजारना,भिनभिनाना.",
cardiovascular,ˌkɑr di oʊˈvæs kyə lər,kahr-dee-oh-vas-kyuh-ler,5,1,ADJECTIVE,Relating to the heart and blood vessels.,increased risk of death from cardiovascular disease.,,circulatory blood vessel blown,queenly,,,హృద్రోగాలు,,,
chastity,/ˈtʃæs tɪ ti/,chas-ti-tee,5,2,NOUN,"The state or practice of refraining from extramarital, or especially from all, sexual intercourse.","As a monk, he took vows of chastity, poverty, and obedience.",,chasteness,self-denial,self-restraint,,"పవిత్రత, సచ్ఛీలత,పరిశుద్ధత్వము.",,"इंद्रिय-निग्रह , पवित्रता",
clout,/klaʊt/,klout,5,3,NOUN,power and influence over other people or events,The Queen may have privilege but she has no real political clout.,,clip.,slap,spanking,,"అధికారం, పలుకుబడి, అంగబలం, ఒత్తిడి, దెబ్బకొట్టేశక్తి, ప్రభావం, ప్రభావితం చేయు.",,"लत्ता , चिथड़ा , घूंसा",
cobble,/ˈkɒb əl/,kob-uh l,5,3,VERB,Roughly assemble or produce something from available parts or elements.,The cart rumbled over the cobbles.,,contrive,put together hastily,scribble,,"నేలమీద పరిచే గుండ్రని రాళ్ళు,బాగు, రాయి, గట్టుపై, పిచ్, కంకర.",,"गांठना, मरम्मत करना, छोटे पत्थर बिछाना",
deny,dɪˈnaɪ,dih-nahy,5,2,VERB,to refuse to permit or allow someone to do something.,She denied herself the things that would make her happy.,,challenge,disagree with,oppose,,"ఖండించు, తిరస్కరించు, నిరాకరించు, కాదను",,"खण्डन करना,बात काटना,नकारना.",
depict,/dɪˈpɪkt/,dih-pikt,5,3,VERB,"Represent by a drawing, painting, or other art form.","In the book, he depicts his father as a tyrant.",,illustrate,render.,represent,,"చిత్రించు, వర్ణించు, దర్శించు, వివరించు.",,"खींचना , दर्शाना , रंगना , लिखना",
deplete,dɪˈplit,dih-pleet,5,5,VERB,"to reduce something in size or amount, especially supplies of energy,money, etc.",The illness depletes the body of important vitamins.,,consume,exhaust,expend,,"ఖాళీ చేసిన, క్షీణ, తరిగిపోయిన,ఖర్చుచేయు.",,"समाप्त करना,कम कर देना,उंडेलना",
embraced,ɛmˈbreɪs,em-breys,5,2,VERB,formal to accept something enthusiastically.,This was an opportunity that he would embrace.,,"hug, squeeze,hold in one's arms, take in one's arms, hold,  cuddle.",,,,"అం గీకరించుట,స్వీకరించు, అవలంబించు,కౌగిలించుకొనుట,ఆలింగనముచేయు.",,गले लगा लिया,
emerge,/ɪˈmɜːdʒ/,ih-murj,5,5,NOUN,To become known or develop as a result of something.,casey affleck emerges from brother Ben’s   shadow.,,become visible.,come out,,,"ఉదయించు, ఉద్భవించు,",,,
empathise,/ˈɛm pəˌθaɪz/,em-puh-thahyz,5,1,VERB,Understand and share the feelings of another.,It's very easy to empathize with the characters in her books.,,be in sympathy.,feel at one,feel togetherness,,,,"तरस खाना , समानुभूति होना",
enclosure,ɛnˈkloʊ ʒər,en-kloh-zher,5,3,NOUN,an area surrounded by fences or walls.,an enclosure for the horses.,,compound,paddock,yard,,"ఆవరణం, జతచేసినది, కంచె, మూత, ప్రవారి.",,"दीवार, अनुलग्नक",
ferocious,/fəˈroʊ ʃəs/,fuh-roh-shuh s,5,2,ADJECTIVE,frightening and violent.,The animal is a most ferocious and savage looking one.’,,fierce,murderous,wild,,"క్రూరమైన,నిర్దయ,ఉగ్రమైన, భయంకరమైన, భీకరమైన.",,"उग्र , उद्दंड , कठोर",
gel,/dʒɛl/,jel,5,2,NOUN,"a thick, clear, liquid substance, especially one used on the hair or body.","The clear gel is a skin prep, shaving gel and aftershave lotion.’",,coagulate,congeal.,thicken,,జెల్,,"जेल  ,तरल  ,जैल  ,गाढ़ा होना",
hindsight,/ˈhaɪndˌsaɪt/,hahynd-sahyt,5,3,NOUN,the ability to understand an event or situation only after it has happened.,"In hindsight, it would have been better to wait",,looking back,retrospect,return,,అర్థం,,"दूरदर्श  ,मसा  ,पश्च दृष्टि",
inebriate,/ɪnˈi briˌeɪt/,in-ee-bree-eyt,5,1,VERB,having drunk too much alcohol.,"In her inebriated state, she was ready to agree to anything.",,drunken,intoxicated,the worse for drink,,"మట్టుగా వుండే, మదించిన, మయికముగా వుమడే.",,"मत्त करना,नशवाला करना",
infirmity,/ɪnˈfɜr mɪ ti/,in-fur-mi-tee,5,2,NOUN,"illness, especially for long periods or because of old age.",old age and infirmity come to men and women alike’,,hesitation,uncertainty,weakness,,"లోపం, బలహీనత, అనారోగ్యం,దౌర్భల్యము, నిస్త్రాణ, రోగము, నలి.",,"अशक्तता,दौर्बल्य",
leading,ˈli dɪŋ,lee-ding,5,2,ADJECTIVE,very important or most important,a number of leading politicians.,,chief,ruling.,superior,,"ఆధిక్యంలో ఉన్న,ముఖ్యమైన, ప్రధానమైన.",,"प्रथम,प्रमुख",
mash,maʃ/,mash,5,4,VERB,to beat or crush something into a soft mass.,"Mash the potatoes, adding warm milk and    Butter.",,"crush, bruise, reduce to a soft pulpy state.",,,,"తొక్కుట, నలగకొట్టుట,మెదుపుట,రుబ్బుట,",,"एक मिश्रण, दलना,कुचलना.",
nerve-wracking,/ˈnɜrvˌræk ɪŋ/,nurv-rak-ing,5,4,ADJECTIVE,Causing stress or anxiety.,"I had to go out and find a new job, which is always a nerve-racking experience.",,taxing,demanding,difficult,,నరాల రాపిడి.,,तनावपूर्ण,
paramount,/ˈpær əˌmaʊnt/,par-uh-mount,5,4,ADJECTIVE,More important than anything else; supreme.,Everybody agrees that education is the paramount issue.,,most important,of prime importance,of supreme importance.,,"అతి ముఖ్యమైన, సర్వోన్నత,అసమానమైన, ప్రబలమైన.",,"प्रमुख, परम,सुप्रीम",
pursuit,/pərˈsut/,per-soot,5,5,NOUN,"The act of trying to achieve a plan, activity, or    situation, usually over a long period of time.",The company is ruthless in its pursuit of profit.,,hunt,chase,search,,"అన్వేషణ, అనుసరణ",,,
racial,ˈreɪ ʃəl,rey-shuh l,5,5,ADJECTIVE,happening between people of different races.,racial discrimination/equality,,ethnic,ethnological.,race-related,,"జాతి సంబంధి, వంశీయ, జాతిపరమైన.",,"जातीय ,जातिगत ,प्रजातीय",
subscribe,/səbˈskraɪb/,suh b-skrahyb,5,4,VERB,"Arrange to receive something, typically a publication, regularly by paying in advance.",subscribe to the magazine for twelve months and receive a free limited-edition T-shirt’,,buy regularly,contract to buy.,read regularly,,"చందాదారునిగా చేరడం, అంగీ కరించు, సంతకంచేయు.",,"सहमत होना,  समर्थन करना ,  हस्ताक्षर करना",
subsequent,ˈsʌb sɪ kwənt,suhb-si-kwuh nt,5,4,ADJECTIVE,happening after something else.,The book discusses his illness and subsequent resignation from politics.,,next.,to come,upcoming,,"తరువాతి, అనంతరపు, పిమ్మటి, వెనుకటి, దరిమిలా,తదుపరి.",,"अनुवर्ती,आगामी,पिछला",
substantial,/səbˈstæn ʃəl/,suh b-stan-shuh l,5,5,ADJECTIVE,relating to the main or most important things being considered.,The committee was in substantial agreement.,a row of substantial Victorian villas.,significant,strong,,,"వాస్తవమైన,  దృఢమైన.",,,
substantive,/ˈsʌb stən tɪv/,suhb-stuh n-tiv,5,5,ADJECTIVE,"important, serious, or related to real facts.",Substantive research on the subject needs to be carried out.,,essential,in essence,,,"విశేష్యం, యదార్థమైన,స్థిరమైన.",,"मूल, तात्विक",
threaten,ˈθrɛt n,thret-n,5,4,VERB,to be likely to cause harm or damage to something or someone.,the men threatened staff with a handgun,,endanger,imperil,menace,,"బెదిరించుట, గదమాయించుట, గద్దించుట.",,"डराना,डांटना,धमकाना.",
valedictory,/ˌvæl ɪˈdɪk tə ri/,val-i-dik-tuh-ree,5,3,ADJECTIVE,"relating to saying goodbye, especially formally.",‘The festival's valedictory function will be held on May 9,,departing,farewell,going away,,"సెలవుపుౘ్చుకొని పోయెడు, ఎడఁబాయునప్పుడు వందనమును దెలిపెడు,వీడ్కోలు.",,"आशीर्वादात्मक,  स्वस्तिवाचनिक , विदाई भाषण संबंधी",
viral,ˈvaɪ rəl,vahy-ruh l,5,3,ADJECTIVE,"spreading or becoming popular very quickly through communication from one person to another, especially on the internet.",her story posted on humans of Bombay went viral.,,,,,,ఇ౦టర్నట్ ద్వారా త్వరగా వ్యాప్తి చె౦దు,,,
accurate,/ˈæk yər ɪt/,ak-yer-it,6,1,ADJECTIVE,"correct, exact and without any mistakes.",The figures they have used are just not accurate.,,clear-cut,meticulous,perfect,,"ఖచ్చితమైన, సరి, సరియైన, యథార్థ, నిర్దిష్ట.",,"अचूक , करा , ठीक",
analytics,æn lˈɪt ɪks,an-l-it-iks,6,4,NOUN,a process in which a computer examines information using mathematical methods in order to find useful patterns.,content analytics is relevant in many industries’,,inquiring,investigative,problem-solving,,"విశ్లేషణలు,విశ్లేషణాత్మక.",,"विश्लेषणात्मक, विश्लेषण संबंधी",
apprehended,ˌæp rɪˈhɛnd,ap-ri-hend,6,5,VERB,to catch and arrest someone who has not obeyed the law.,The police have finally apprehended the killer,,arrest,capture,catch,,పట్టుకున్నారు.,,"पकड़ना,अनुभव करना,डरना",
attire,əˈtaɪər,uh-tahyuh r,6,2,NOUN,"clothes, especially of a particular or formal type.",I hardly think jeans are appropriate attire for a wedding.,,costume,ensemble,garments,,"ఉడుపు, వేషము,దుస్తులు, వస్త్రములు.",,"आभूषण , वस्त्र,सज",
blow,bloʊ,bloh,6,1,VERB,"to move and make currents of air, or to be moved or make something move on a current of air.",The letter blew away and I had to run after it.,,blast,gust,rush,,"దెబ్బ,  ఆపద, పుష్పించడం, ఊరడం, వీచు, శపించు.",,"उड़ा देना,तूफ़ान,बजाना",
boycott,ˈbɔɪ kɒt,boi-kot,6,1,VERB,to refuse to buy a product or take part in an activity as a way of expressing strong disapproval.,The union called on its members to boycott the meeting.,,refuse to take part in,spurn,stay away from,,"బహిష్కరణ, వెలి, బహిష్కరించు, వెలివేయు.",,"बहिष्कार,बायकाट",
chord,kɔrd,kawrd,6,5,NOUN,"A group of (typically three or more) notes sounded together, as a basis of harmony.",She strummed a few chords on her guitar.,,tones,music,note.,,"వాద్యసాధనాల తీగె, చాపకర్ణం, దారం",,"तार,तन्त्री,डोरी.",
citizen,/ˈsɪtɪz(ə)n/,,6,3,NOUN,"A legally recognized subject or national of a state or commonwealth, either native or naturalized.",Every citizen of the nation enjoys the cultural legacy afforded by song.,,an inhabitant of a city,townsman.,,,"పురజనుఁడు, పౌరుఁడు. నగరవాసి.",,"नगरवासी,पौर,स्थानिक.",
collaborate,/kəˈlæb.ə.reɪt/,kuh-lab-uh-reyt,6,5,VERB,Work jointly on an activity or project.,Two writers collaborated on the script for the film.,,cooperate,unite.,work together,,"కలిసి పనిచేయు, సహకరించు, భాగస్వామి అగు.",,"मिलकर काम करना,सहयोग करना",
conclude,kənˈklud,kuh n-klood,6,1,VERB,"to end a speech, meeting, or piece of writing.",the talk concluded with slides.,,be over,finish,terminate,,"ముగించు, ముగియు; నిశ్చయించుకొను; ఏర్పరచు.",,"पूरा करना,निश्चय करना,निश्चित करना",
deploy,dɪˈplɔɪ,dih-ploi,6,1,VERB,"to use something or someone, especially in an effective way.",My job doesn't really allow me fully to deploy my skills/talents.,,establish,install,situate,,"నియోగించు, రంగంలోకి దించు, విస్తరింపచేయు, వ్యూహం ఏర్పరుచు.",,"विस्तार करना,  तैनात किना,फैलना या फैलाना.",
deployment,/dɪˈplɔɪm(ə)nt/,dih-ploi-ment,6,2,NOUN,.the use of something or someone in an effective way.,‘they agreed to round up their troops for immediate deployment’,,grouping,organization,placement,,విస్తరణ.,,"फैलाव, प्रस्तरण",
despite,/dɪˈspaɪt/,dih-spahyt,6,5,PREPOSITION,Without being affected by; in spite of.,I still enjoyed the week despite the weather,,in spite of,in the face of,regardless,undeterred by.,"లక్ష్యపెట్టకుండ, విరుద్ధముగా, అతిక్రమించి, ఉల్లంఘించి, అయినప్పటికిన.",,"बावजूद , होने पर भी",
enforce,ɛn -ˈfoʊrs,en-fohrs,6,1,VERB,"Compel observance of or compliance with (a law, rule, or obligation).",the role of the police is to enforce the law,,administer,carry out,impose,,"అమలు పరచు, ఆచరణలోకి తెచ్చు, బలవంతం చేయు.",,"आचरण करना,दबाना,प्रचलित करना.",
enforcement,/ɛnˈfɔrs mənt/,en-fawrs-muh nt,6,5,NOUN,the process of making sure that people obey something such as a law or rule.,the strict enforcement of environmental regulations’,,administration,execution,pursuance,,"అమలు, దావావేయడం, జప్తుచేయడం, ఆచరణ.",,"अमल ,आचरण, जबरदस्ती",
figure out,/ˈfɪɡə aʊt/,fig-yer-out,6,2,PHRASEL VERB,Solve or discover the cause of a problem.,We couldn't figure out where all the money had gone.,He was trying to figure out why the car wasn't working.,understand,work out,,,"అర్ధం చేసుకొను, భావనచేసుట",,,
generic,/dʒəˈnɛr ɪk/,juh-ner-ik,6,2,ADJECTIVE,Characteristic of or relating to a class or group of things; not specific.,Jazz is a generic term for a wide range of different styles of music.,,collective,common,general,,"సాధారణ, జాతి వ్యాప్తి.",,"जातिगत, वर्गीय, साधारण",
hostile,/ˈhɒs tl/,hos-tl,6,3,ADJECTIVE,unfriendly and not liking something.,The president had a hostile reception in Ohio this morning.,,confrontational,militant,warlike,,"ప్రతికూలమైన, విరుద్ధమైన, అహితమైన, శత్రువైన.",,"प्रतिरोधी , विपरीत , विरोधी",
inflation,ɪnˈfleɪ ʃən,in-fley-shuh n,6,4,NOUN,The action of inflating something or the condition of being inflated.,the gross inflation of salaries,,colouring,exaggeration,overestimation.,,"ద్రవ్యోల్బణం,గాలితో నిండడం,వాపు, ఉబ్బు, పొంగు.",,"महगाई,स्फीति, मुद्रास्फीति",
influence,ˈɪn flu əns,in-floo-uh ns,6,4,NOUN,"The capacity to have an effect on the character, development, or behaviour of someone or something, or the effect itself.",the influence of television violence.,,effect,impact,power,,"పలుకుబడి, ప్రాబల్యం, మాట చెల్లుబడి.",,"असर,प्रभावित होना,प्रभाव",
leaps and bounds,,,6,1,NOUN,With startlingly rapid progress.,The company is growing by leaps and bounds this year.,,exponentially,quickly,speedily,,అదుపుచేయటం.,,छलांग और सीमा,
massacre,/ˈmæs ə kər/,mas-uh-ker,6,3,NOUN,an act of killing a lot of people.,reports of massacres by government troops’,,indiscriminate killing.,mass slaughter,slaughter,,"ఊచకోత, సామూహిక వధ, నరమేధం,జనసంహారం.",,"कत्ल,  नरहत्या ,  पराजय , वध",
new-age,,,6,3,NOUN,"A broad movement characterized by alternative approaches to traditional Western culture, with an interest in spirituality, mysticism, holism, and environmentalism.",Astrology and alternative medicine are part of the New Age movement.,,age of aquarius,modernistic.,,,నూతన-శకం.,,,
participate,pɑrˈtɪs əˌpeɪt,pahr-tis-uh-peyt,6,4,VERB,.to take part in or become involved in an activity.,"She never participates in any of our discussions, does she?",,engage,play a role,take part,,"పాల్గొను, భాగం పుచ్చు కొను.",,"भाग लेना, बांटना",
premise,/ˈprɛm ɪs/,prem-is,6,2,NOUN,An idea or theory on which a statement or  action is based.,The conclusions you have drawn are based on a false premise.,,assumption,basis,,,"పూర్వసిద్ధాంతము, ముందుగా చెప్పఁబడినది.",,,
proliferate,/prəˈlɪf əˌreɪt/,pruh-lif-uh-reyt,6,4,VERB,Increase rapidly in number,the science fiction magazines which proliferated in the 1920s.,,breed,generate,propagate multiply,,"విస్తరించు, వేగంగా అభివృద్ధిచెందు.",,,
ransack,ˈræn sæk,ran-sak,6,4,VERB,to search a place or container in a violent and careless way.,They ransacked the house for the missing    Letter.,,"to search narrowly,plunder, pillage, steal from, raid.rob, loot, rifle.",,,,"గాలించు, దోచుకొను, వెదుకు, కొల్లగొట్టు,గందరగోళము చేసి వెతుకుట.",,"ढूंढना,लूटना,लूट खसोट करना.",
rebel,/rɛb əl/,reb-uh l,6,5,NOUN,a person who is opposed to the political system in their country and tries to change it using force.,The rebels took over the capital and set up a new government.,,agitator,revolutionary,terrorist,,"తిరుగఁబడువాఁడు, ఎదిరింౘువాఁడు.",,"बागी , विद्रोही , राज द्रोही",
rehabilitation,/riːəbɪlɪˈteɪʃ(ə)n/,re-ha-bil-i-ta-tion,6,3,NOUN,"The action of restoring someone to health or normal life through training and therapy after imprisonment, addiction, or illness.",she underwent rehabilitation and was walking within three weeks...,The bridge requires immediate rehabilitation to remain open.,eestablishment,recovery,restoration,,"పునరుద్ధరణ,పునరావాసం, ఆశ్రయణం.",,"पुनः प्रतिष्ठा, स्वास्थ्यलाभ, बहाली",புனர்வாழ்வு
soare,soʊr,,6,4,VERB,Fly or rise high in the air.,All night long fireworks soared into the sky.,,fly up,wing,wing its way,,,,,
soot,sʊt,soo t,6,3,NOUN,"a black powder produced when coal, wood, etc., is burned.",It can be dangerous to let too much soot accumulate inside a chimney.,,fuliginosityst,grimes,smoke,,"నుసి, ధూళి, పొగబొగ్గు.",,"कज्जली, काजल",
sophisticated,/səˈfɪs tɪˌkeɪ tɪd/,suh-fis-ti-key-tid,6,5,ADJECTIVE,having a good understanding of the way people behave and/or a good knowledge of culture and fashion.,"She was slim, svelte, and sophisticated.",,enlightened,experienced,knowledgeable,,"కుతర్కమైన,కృత్రిమ, ఆడంబరపూర్వక, పరిష్కృత, అధునాతన.",,"कृत्रिम , गूढ़ , जटिल",
thrive,/θraɪv/,thrahyv,6,2,VERB,to grow strongly and vigorously  to do well; prosper,His business thrived in the years before the war.,,,,,,"అభివృద్ధిచెందు, గెలుపొందు, పెరుగు.",,,
vent,/vɛnt/,vent,6,3,NOUN,a cut in the bottom of a piece of clothing to allow the person wearing it to move more easily.,The skirt is long and straight with two side vents.,,cavity,hole,outlet,,"బిలం,చిల్లి, కన్నం, బెజ్జం.",,"छिद्र,द्वार ,निकास",
vow,vaʊ,vou,6,2,NOUN,A serious promice or decision.,She made a vow never to lend money to anyone again.,,pledge,oath,promise,,"ప్రార్థన చేసుకోబడ్డ, మొక్కుకోబడ్డ,సంకల్పము",,"व्रत, मन्नत करना,प्रतिज्ञा करना.",
accused,/əˈkyuzd/,uh-kyoozd,7,1,NOUN,A person or group of people who are charged with or on trial for a crime.,two of the accused were sentenced to thirteen years in prison.,,appellant,disputant,litigator,,"నేరము మోపఁబడినవాఁడు, ముద్దాయి,నేరారోపిత.",,"दोषी,मुलज़िम",
anomaly,əˈnɒm ə li,uh-nom-uh-lee,7,4,NOUN,"Something that deviates from what is standard, normal, or expected.",Statistical anomalies can make it difficult to compare economic data from one year to the next.,,abnormality,inconsistency,variation,,"నియమవిరుద్ధం, అసాధారణం, విపరీతం, క్రమంలేని నడక, వ్యత్యాసం, తేడా, వికృతి, విరూపం",,"अनियम,अवैधता",
ardent,ˈɑr dnt/,ahr-dnt,7,5,ADJECTIVE,showing strong feelings,an ardent supporter of the conservative cause,,fierce,intense,passionate,,"ప్రచండమైన, ఉగ్రమైన, తీక్ష్ణమైన, వేగమైన.",,"प्रचण्ड, उत्कट",
bleak,/blik/,bleek,7,1,ADJECTIVE,(of an area of land) lacking vegetation and exposed to the elements.,"It was a bleak, unpleasant day in December.",,desert,exposed,stark,,"వెలసిపోయిన, మృగ్య, అతిస్వల్ప, నిస్తేజ, నిరాధారమైన, చల్లదనం,అతిశీతలమైన.",,"सूना , उजाड़ , ज़ाहिर",
bureaucracy,/byʊˈrɒk rə si/,byoo-rok-ruh-see,7,2,NOUN,.A system of government in which most of the important decisions are taken by state officials rather than by elected representatives.,The president wants to add more bureaucracy to our daily lives.,,administration,government,the establishment,,"ఉద్యోగిస్వామ్యం,ఒకవిధమైన రాజ్యపరిపాలనా పద్ధతి, అంతర్విభాగరాజ్యతంత్రము",,"अधिकारी-तन्त्र,अधिकारीवर्ग",
condemn,/kənˈdɛm/,kuh n-dem,7,4,VERB,Officially declare (something) to be unfit for use.,The film was condemned for its dirty scenes.,,castigate,censure,depreciate,,"ఖండించు, తోసిపుచ్చు, దండించు.",,,"കുറ്റക്കാരനെന്നു വിധിക്കുക,  തെറ്റാണെന്നു പറയുക"
confined,kənˈfaɪnd,kuh n-fahynd,7,4,ADJECTIVE,limited or restricted.,Please confine your use of the phone to    business calls.,,"cramped, constricted, restricted, limited, confining, small, narrow, compact,",,,,"నిర్బంధమైన,ప్రసవించిన,మట్టుపడ్డ.",,"सीमित,परिरुद्ध.",
consecutive,,,7,5,ADJECTIVE,Following each other continuously.,This is the fifth consecutive weekend that I've spent working.,,continuous,in succession,unbroken.,,"వరుసగానున్న, ఒకటివెంబడి ఒకటి వచ్చెడు, నడుమను తెంపు లేకుండియున్న.",,"क्रमागत , क्रमानुगत , तर्कसंगत",
consensus,/kənˈsɛn səs/,kuh n-sen-suh s,7,5,NOUN,a generally accepted opinion; wide agreement.,We tried to get a consensus of opinion and it proved to be easier than I thought.’,,agreement,common consent,unanimity,,"అంగీకారం, ఏకాభిప్రాయం,సమ్మతము,  అనుకూలత,బహుజన సమ్మతి.",,"अनुकूलता ,  ऐक्य ,  मतैक्य",
detain,/dɪˈteɪn/,dih-teyn,7,1,VERB,Keep (someone) from proceeding by holding them back or making claims on their attention.,customs officers may detain goods for up to two    days.,Several of the injured were detained overnight in hospital.,delay,hold up,,,"నిలిపివేయు, నిరోధించు.",,,"തടഞ്ഞുനിറുത്തുക, നിറുത്തിവയ്‌ക്കുക"
determination,/dɪˌtɜr məˈneɪ ʃən/,dih-tur-muh-ney-shuh n,7,2,NOUN,"the ability to continue trying to do something, although it is very difficult.",You can't help but admire her determination to succeed.,,resoluteness,resolution,resolve,,"సంకల్పం, పూనిక, నిష్కర్ష, (దృఢ) నిశ్చయం, (న్యాయ) నిర్ధారణ.",,"निश्चय, संकल्प , दृढ़ संकल्प",
enormous,/ɪˈnɔr məs/,ih-nawr-muh s,7,1,ADJECTIVE,"Very large in size, quantity, or extent.",enormous sums of money’,,huge,vast,wide,,"అపరిమితమైన, విస్తారమైన.అపారమైన, బ్రహ్మాండమైన.",,"बहुत, बहुत अधिक, अत्यंत",
enthuse,/ɛnˈθuz/,en-thooz,7,5,VERB,to express excitement about something or great interest in it.,they both enthused over my new look’,,be effusive,be enthusiastic,go into raptures,gush,"ఉత్సాహం,ఉత్తేజితుడవ్వు.",,"जोश में आना,उत्साह दिखाना",
flay,/fleɪ/,fley,7,2,VERB,to whip a person or animal so hard that some of their skin comes off:,the captured general was flayed alive,,skin,strip the skin off.,,,"తీవ్రంగా విమర్శించు,తోలును తీసివేయు, చర్మమును ఒలుచు.",,"चमड़ा उतारना, लूटना",
genre,ˈʒɒ̃rə,zhahn-ruh,7,3,NOUN,"A style or category of art, music, or literature.",What genre does the book fall into - comedy or   Tragedy?,,"category, class, classification, categorization, group, grouping.",,,,కళా/ సాహిత్య ప్రక్రియ.,,"शैली,विधा.",
hunger strike,/ˈhʌŋ·ɡər ˌstrɑɪk/,huhng-ger-strahyk,7,3,NOUN,A prolonged refusal to eat.,One hundred students began a hunger strike.,Political prisoners who had gone on hunger strike.,fasting,voluntry fast,,,"నిరాహారదీక్ష, నిరశనదీక్ష.",,"भूख हड़ताल, अनशन",
infringe,ɪnˈfrɪndʒ,in-frinj,7,1,VERB,"Actively break the terms of (a law, agreement, etc.)",making an unauthorized copy would infringe copyright,,break,contravene,transgress,,"అతిక్రమించుట,  ఉల్లంఘనముచేసుట,   తప్పుట ,  మీరుట .",,"अतिक्रमण करना,तोड़ना,उल्लंघन करना.",
inhibit,/ɪnˈhɪb ɪt/,in-hib-it,7,3,VERB,to prevent someone from doing something by making them feel nervous or embarrassed :,Some workers were inhibited (from speaking) by the presence of their managers.,,discourage,obstruct,put a brake on,,"నిరోధించు, ఆటంకపరచు, అడ్డుపడు, ఆపు  అణచుట.",,"बाधा डालना, अटकाना, रोकना",
leisurely,/ˈlɛʒəli/,lee-zher-lee,7,1,ADJECTIVE,"used to describe an action that is done in a relaxed way, without hurrying.",We enjoyed a leisurely picnic lunch on the lawn.,,comfortable,effortless,relaxed,restful,"సావకాశముగా చేసెడు, మెల్లగానైన.",,"धीरे से, आराम से",
massive,/ˈmæs ɪv/,mas-iv,7,3,ADJECTIVE,"very large in size, amount, or number.",They have a massive house,,tremendous,vast,very large,,"స్థూలమైన, లావాటి, మిక్కిలిపెద్ద, బరువైన.",,"भारी,भीमकाय, बड़ा",
nominal,ˈnɒm ə nl,nom-uh-nl,7,3,ADJECTIVE,in name or thought but not in fact or not as things really are.,She's the nominal head of our college - the real work is done by her deputy.,,formal,in name only,official,,"నామమాత్ర, స్వల్పమైన, చిన్న మొత్తం,పేరుకువుండే, పేరు మాత్రానికి వుండే.",,"नामिक,जातिवाचक,संज्ञात्मक",
out-and-out,"ˈaʊt nˈaʊt, -ndˈaʊt","out-n-out, -nd-out",7,4,ADJECTIVE,complete; in all ways.,He’s an out-and-out fraud.,,"utter, downright, thoroughgoing, perfect, consummate, surpassing.",,,,"పూర్తిగా, బాహాటంగా",,पक्का.,
passersby,/ˈpæs ərˈbaɪ/,pas-er-bahy,7,4,NOUN,someone who is going past a particular place.,A passer-by saw smoke and called the fire department.,,bystander,eyewitness,witness,,బాటసారులను.,,"राहगीर , राही ,  राह-चलता",
plight,/plʌɪt/,plahyt,7,2,NOUN,"an unpleasant condition, especially a serious, sad, or difficult one.",Few of us can be unmoved by the plight of the refugees.,,difficult situation,issue,trouble,,"దుర్దశ, దురవస్థ; కుదవ, తాకట్టు.",,"गंभीर स्थिति, अवस्था",
plot,plɒt,plot,7,3,VERB,Secretly make plans to carry out (an illegal or harmful action).,the two men are serving sentences for plotting a bomb campaign’,,arrange,organize,plan,,"కుట్ర, పన్నాగం, చిన్న భూఖండం, ఇంటిస్థలం; కథాంశం,కల్పించు.",,"उपाय करना,चालबाज़ी करना",
plummet,/ˈplʌm ɪt/,pluhm-it,7,5,VERB,.Fall or drop straight down at high speed.,House prices have plummeted in recent months.,,descend rapidly.,fall headlong,plunge,,"ఆదాయ వనరుగా,బరువు; లంబసూత్రం, వడంబం గుండు.",,"गिर जाना , अचानक से गिरना , तेज़ी से गिरना",
prudent,/ˈpruːd(ə)nt/,prood-nt,7,4,ADJECTIVE,careful in the way that you make decisions or spend money so that you avoid unnecessary risks.,His decision was prudent and timely.,,careful,wise,,,"జాగ్రతగల,వివేకముగల, దూరదర్శియైన.",,"वुद्धीमान, बुद्धिमत्तापूर्ण, सावधानी",
puddle,/ˈpʌd l/,puhd-l,7,5,NOUN,"A small pool of liquid, especially of rainwater on the ground.",You have to step around the puddles in the street after a rain shower.,,pool,spill,splash,,"బురదనీటి గుంట, గందరగోళం,చిన్నపల్లములో నిలుౘు బురదనీరు.",,"डबरा,छोटा सा तालाब  ,गारा बनाना",
sapling,[sap-ling],sap-ling,7,4,NOUN,"A young tree, especially one with a slender trunk.","Now, as a mature garden, the trees, mere saplings when planted, are fully grown.’",,shoot,a young tree (full of sap),,,"లేఁతచెట్టు, బాలవృక్షము,చిన్న మొక్క,అంటు.",,"अंकुर , किशोर , जवान",
scarcity,/ˈskɛər sɪ ti/,skair-si-tee,7,2,NOUN,a situation in which something is not easy to find or get.,the scarcity of skilled workers,,poverty,shortage,undersupply,,"దుర్భిక్షం, కొరత, ఎద్దడి, కరువు.",,"अनोखापन , अप्राप्यता ,  अभाव",
scorching,/ˈskɔr tʃɪŋ/,skawr-ching,7,5,ADJECTIVE,Very hot.,I don’t want to be outside in this scorching heat.,,burning,extremely hot,red-hot,,"కాల్చే, దహించే.",,"जलानेवाला, चिलचिलाती",
thrust,/θrʌst/,thruhst,7,2,NOUN,Force (someone) to accept or deal with something.,They thrust a microphone in front of me and fired questions at me.,She thrust the money into his hand.,,,,,"ఒత్తిడి, తోసుట, అణఁౘు,",,"ज़ोर,ठेलना,जोर डालना.",
upheaval,/ʌpˈhi vəl/,uhp-hee-vuh l,7,2,NOUN,A violent or sudden change or disruption to something.,major upheavals in the financial markets.,the first upheaval produced a hill which was called Roof Mountain.,disaster,explosion,,,"తిరుగుబాటు, ఉపద్రవం, విప్లవం.",,,
wane,weɪn,weyn,7,1,VERB,to become weaker in strength or influence.,By the late 70s the band's popularity was beginning to wane.,,decrease,diminish,disappear,,"క్షయించుట, క్షీణమవుట,తగ్గు, తక్కువగు.",,"ढलना, क्षीण होना, उतरना",
acquit,/əˈkwɪt/,uh-kwit,8,1,VERB,to decide officially in a law court that someone is notguilty of a particular crime,Five months ago he was acquitted on a shoplifting charge.,,absolve,exonerate,find innocent,,"వదలివేయడంవదిలిపెట్టు, నిర్దోషి అని విడుదల చేయు",,"छोड़ देना,दोषमुक्त करना",
anonymity,æn əˈnɪm ɪ ti,an-uh-nim-i-tee,8,5,NOUN,the situation in which someone's name is not given or known.,The police have reassured witnesses that they will be guaranteed anonymity.,,anonymity,darkness,uncertainty,,"అనభిజ్ఞత, రహస్య గోపనం",,"अनामिकता, गुमनामी, अज्ञात वास",
arena,əˈri nə,uh-ree-nuh,8,5,NOUN,"A level area surrounded by seating, in which sports, entertainments, and other public events are held.",an Olympic/a sports arena,,coliseum,stadium,theatre,,"రంగం, క్షేత్రం,మైదానం.",,"कार्यक्षेत्र , रणभूमि, रंगभूमि",
bracing,/ˈbreɪ sɪŋ/,brey-sing,8,1,ADJECTIVE,cold and perhaps windy.,We enjoyed a bracing walk on the beach.,,beneficial,health-giving,strengthening,,"బిగువు/ బింకం; పుష్టికరమైన.సత్తువనుకలిగింౘునట్టి, బలకరమైన.",,"जोड़नेवाला , स्फूर्तिदायक , ताज़गी देने वाला",
consequence,/ˈkɒn sɪˌkwɛns/,kon-si-kwens,8,1,NOUN,"a result of a particular action or situation, often one that is bad or not convenient.",Not making a will can have serious consequences for your children and other family members.,,reaction,effect,result,,"ఫలితం, ఫలం, పర్యవసానం, పరిణామం, పెద్దరికం, గౌరవం.",,"परिणाम,फल , प्रभाव",
consider,kənˈsɪd ər,kuh n-sid-er,8,0,VERB,"Think carefully about (something), typically before making a decision.",I may not have time to give a considered reply to suggestions.,,contemplate,give thought to,think about,,"పరిశీలించు, ఆలోచించు లెక్కలోకి తీసుకొను,భావించు",,"ध्यान करना,ग़ौर करना,मानना,समझना .",
conspire,/kənˈspaɪər/,kuh n-spahyuh r,8,3,VERB,Make secret plans jointly to commit an unlawful or harmful act.,"As girls, the sisters used to conspire with each other against their brother.",,collaborate,lay plans,plot,,"కుట్రపన్ను, గూడుపుఠాణీ చేయు.",,"मिल जाना , सम्मिलित होकर काम करना",
consumption,/kənˈsʌmp ʃən/,kuh n-suhmp-shuh n,8,5,NOUN,"the act of using, eating, or drinking something.","These products are not for national consumption, but for export.",,expenditure,use,utilization,,"క్షయ; వినియోగం, వాడకం.",,"उपयोग, खर्च",
diabetes,"daɪ əˈbi tɪs, -tiz","dahy-uh-bee-tis, -teez",8,1,NOUN,a disease in which the body cannot control the level of sugar in the blood.,"Rarely, diabetes can be caused by a disease of the pancreas called pancreatitis.",,,,,,"చక్కెర వ్యాధి, మధుమేహం",,"मधुमेह रोग ,मधुमेह",
diagnostic,,dahy-ug-nos-tik,8,0,ADJECTIVE,Concerned with the diagnosis of illness or other problems.,Jaundice is diagnostic of liver failure.,,"characteristic,.",distinguishing,symptomatic.,,"రోగనిర్ధారణ చేసే,రోగ నిర్ణయకారి",,"इंतियाज़ी, नैदानिक, निदान-शास्र का",
disability,ˌdɪs əˈbɪl ɪ ti,dis-uh-bil-i-tee,8,4,NOUN,"A physical or mental condition that limits a person's movements, senses, or activities.",children with severe physical disabilities’,,complaint,disease.,disorder,,"బలహీనత, అశక్తత, అనర్హత, (అంగ) వైకల్యం, అయోగ్యత.",,"अयोग्यता,असमर्थता",
epidemic,/ɛpɪˈdɛmɪk/,ep-i-dem-ik,8,1,NOUN,the appearance of a particular disease in a large number of people at the same time.,‘A current topic of conversation is the world-wide SARS epidemic.’,,infestation,outbreak,plague,,"తెవులు, పోలేరు, అంటువ్యాధి.",,"महामारी , जन-मरक",
era,ˈɪərə,eer-uh,8,5,NOUN,A long and distinct period of history.,his death marked the end of an era’,,epoch,period,span,,"శకము, కాలము, యుగం",,"कल्प,युग,ज़माना",
flee,fli,flee,8,0,VERB,Run away from a place or situation of danger.,"to escape the fighting, his family fled from their village.",,escape from,leave abruptly,run away from,,"పారిపోవు,తప్పించుకొని పోవు, వలసపోవు.",,"फरार होना,भाग जाना,",
geriatric,/ˌdʒɛrɪˈatrɪk/,jer-ee-a-trik,8,2,ADJECTIVE,relating to the medical care and treatment of old people.,geriatric medicine/patients,,decaying,disintegrating,tumbledown,unsafe,"వృద్ధ వైద్యశాస్త్రం,వృద్ధులు",,बूढ़ा,
hurdle,,hur-dl,8,4,NOUN,a frame or fence for jumping over in a race,He fell at the last hurdle.,,difficulty,hindrance.,obstruction,,"అడ్డంకి, ఆటంకం, సమస్య.",,"बाधा,अड़चन , अवरोध",
innovative,ˈɪn əˌveɪ tɪv,in-uh-vey-tiv,8,1,ADJECTIVE,using new methods or ideas.,She was an imaginative and innovative manager.,,experimental,inventive,ultra-modern,,"వినూత్న ,నవప్రవర్తక .",,"उन्नतिशील,प्रगत, नवीन",
inordinate,/ɪnˈɔr dn ɪt/,in-awr-dn-it,8,3,ADJECTIVE,Unusually or disproportionately large; excessive.,Margot has always spent an inordinate amount of time on her appearance.,,excessive,out of all proportion,unwarranted,,"మితిమీరిన, ఎక్కువ, అమిత మైన,అదుపులేని, అత్యధిక.",,"अतिरिक्त, अत्यंत, अत्यधिक",
lewd,lud,lood,8,1,ADJECTIVE,"of behaviour, speech, dress, etc.) sexual in an obvious and rude way.",Ignore him - he's being lewd.,,dirty.,indecent,vulgar,,"అశ్లీల, కొంటె, దుష్ట ,పోకిరి .",,"ठरकी,कामुक,अश्लीलता",
measure,ˈmɛʒ ər,mezh-er,8,3,VERB,To discover the exact size or amount of something,This machine measures your heart rate.,,"calculate,compute",,,,"కొలుచుట, కొలత,ప్రమాణము, కొలిచేసాధనము",,"मात्रा,आकलन, मूल्यांकन करना",
nuisance,"ˈnu səns, ˈnyu-","noo-suh ns, nyoo-",8,3,NOUN,A person or thing causing inconvenience or annoyance.,it's a nuisance having all those people clomping through the house.,,annoyance,inconvenience,irritant.,,"బాధ, ఉపద్రవము, తొందర, సంకట హేతువు, అసహ్యమును పుట్టింౘునది, రోఁత.",,"परेशानी, रुकावट,हानिकारक वस्तु",
passion,ˈpæʃ ən,pash-uh n,8,4,NOUN,"an extreme interest in or wish for doing something, such as a hobby, activity, etc.",Politics and philosophy were his lifelong passions.,,"excitement,affection,anger,devotion.",,,,"మోహం, కామం, ఉద్రేకం",,"मनोभाव, इश्क,जज़्बा",
precedence,/ˈprɛs ɪ dəns/,pres-i-duh ns,8,4,NOUN,"The condition of being considered more important than someone or something else; priority in importance, order, or rank.",His desire for power soon took precedence over any other consideration.,,considered more important than.,take priority over,,,"ప్రాధాన్యము, అగ్రగామిత్వము",,,
predict,/prɪˈdɪkt/,pri-dikt,8,3,VERB,to say that an event or action will happen in the future,Astronomers can predict the exact time of an eclipse.,,anticipate,forecast,tell in advance,,"ఊహించు; జోస్యం చెప్పు,సూచించుట.",,"अनुराग , अभिरुचि , भविष्यवाणी करना",
prevail,/prɪˈveɪl/,pri-veyl,8,0,VERB,Be widespread or current in a particular  area or at a particular time.,a friendly atmosphere prevailed among the crowds.,After racing a wonderful atmosphere prevailed which led to an almighty sing song.,,,,,"వ్యాపించు, అమలగు.",,,
prospective,prəˈspɛk tɪv,prəˈspɛk tɪv,8,5,ADJECTIVE,"the amount that something is expected to earn, cost, produce, etc.",she showed a prospective buyer around the house’,,anticipated,destined,expected,,"భావి, రాబోయే ,భావిసూచకమైన",,"दूरदर्शी, प्रत्याशित, अग्र चिन्तक",
rejuvenate,rɪˈdʒu vəˌneɪt,ri-joo-vuh-neyt,8,3,VERB,"to make an organization or system more effective by introducing new methods, ideas, or people.","He has decided to rejuvenate the team by bringing in a lot of new, young players.",,make someone feel young again,restore,revive,,"పునర్‌ యౌవనీకరించు, పున రుజ్జీవింపజేయు.",,"फिर जवान या युवा करना,फिर से युवा करना",
relevant,/ˈrɛl ə vənt/,rel-uh-vuh nt,8,3,ADJECTIVE,connected with what is happening or being discussed.,Education should be relevant to the child's needs.,,applicable,material,to the purpose,,"పొంతనగల, సందర్భశుద్ధిగల,సంబంధించిన, సాంగత్యముగల.",,"अनुरूप,उपयुक्त",
reliable,rɪˈlaɪ ə bəl,ri-lahy-uh-buh l,8,5,ADJECTIVE,Consistently good in quality or    performance; able to be trusted.,My car is old but it’s reliable.,,"trustworthy,dependable, good, true, faithful.",,,,"నమ్మదగ్గ, విశ్వసనీయ.",,"विश्वास योग्य,भरोसेमंद, अच्छा.",
scream,/skrim/,skreem,8,4,VERB,"Give a long, loud, piercing cry or cries expressing extreme emotion or pain.",A spider landed on her pillow and she screamed,,caterwaul,cry out,shout,,"గొంతుచించుకొను, (కెవ్వున) అరుచు,కీచుమను, గీపెట్టు.",,"चिल्लाना, शोर मचाना",
screen,skrin,skreen,8,4,VERB,"to test or examine someone or something to discover if there is anything wrong with him, her, or it.",her hair swung across to screen her face,,mask,shelter,veil,,"రోపిత సంకేతములు, దాచుట ,మరుగుకట్టుట",,"दिखाया जाना, आड़ देना, बचाना",
sensitise,/sensiˌtīz/,sen-si-tahyz,8,0,VERB,make sensitive ; aware,My tongue became sensitized to good wine,he wanted to sensitise the people,alter,change,,,"సున్నితం చేయు, అవగాహన",,,
tiff,/tɪf/,tif,8,5,NOUN,"A petty quarrel, especially one between friends or lovers.",The tiff between minister and revenue officials took a turn for the worse.,Joanna had a tiff with her boyfriend,argument,quarrel,,,"చిన్న తగవు, చిరాకు",,,
upfront,ˈʌpˈfrʌnt,uhp-fruhnt,8,0,ADJECTIVE,speaking or behaving in a way that makes your intentions and beliefs clear.,She’s very upfront about her feelings.,,open,truthful.,frank,,"ముందస్తు చెల్లింపు, బయానా,నిజాయితి.",,"पहले दिया हुआ,पहले.",
weird,/wɪəd/,weerd,8,0,ADJECTIVE,Strange and different from anything natural or ordinary.,She is a little weird in the way she dresses.,I heard some weird noises coming from outside.,abnormal,mysterious,unnatural,,"వింతైన, అసాధారణ.",,"अजीब, अतिप्राकृतिक",